Episode,WinRate,ExplorationRate
1000,35.199999999999996,0.0
2000,45.800000000000004,0.0
3000,42.06666666666667,0.0
4000,39.25,0.0
5000,41.82,0.0
6000,42.88333333333333,0.0
7000,40.9,0.0
8000,42.4375,0.0
9000,41.97777777777778,0.0
10000,44.54,0.0
11000,44.91818181818182,0.0
12000,44.74166666666667,0.0
13000,46.63076923076923,0.0
14000,46.37857142857143,0.0
15000,45.36,0.0
16000,46.64375,0.0
17000,46.31764705882353,0.0
18000,46.56111111111111,0.0
19000,46.17894736842105,0.0
20000,46.239999999999995,0.0
21000,47.99047619047619,0.0
22000,47.709090909090904,0.0
23000,48.64782608695652,0.0
24000,47.44583333333333,0.0
25000,48.592,0.0
26000,48.357692307692304,0.0
27000,48.351851851851855,0.0
28000,48.29642857142857,0.0
29000,49.04482758620689,0.0
30000,48.266666666666666,0.0
31000,49.5516129032258,0.0
32000,49.003125,0.0
33000,48.11212121212121,0.0
34000,48.008823529411764,0.0
35000,48.24857142857143,0.0
36000,47.455555555555556,0.0
37000,47.26756756756757,0.0
38000,47.3,0.0
39000,46.6025641025641,0.0
40000,47.195,0.0
41000,47.448780487804875,0.0
42000,47.84761904761905,0.0
43000,48.38372093023256,0.0
44000,48.17272727272727,0.0
45000,48.62222222222222,0.0
46000,48.597826086956516,0.0
47000,48.94468085106383,0.0
48000,48.86875,0.0
49000,48.44489795918368,0.0
50000,48.868,0.0
51000,49.15098039215686,0.0
52000,49.246153846153845,0.0
53000,49.869811320754714,0.0
54000,49.67407407407408,0.0
55000,49.24181818181818,0.0
56000,49.25714285714285,0.0
57000,49.29122807017544,0.0
58000,49.82758620689655,0.0
59000,50.010169491525424,0.0
60000,49.31333333333333,0.0
61000,49.5655737704918,0.0
62000,50.019354838709674,0.0
63000,50.09206349206349,0.0
64000,50.1,0.0
65000,50.02307692307693,0.0
66000,50.163636363636364,0.0
67000,50.48805970149254,0.0
68000,49.819117647058825,0.0
69000,50.54637681159421,0.0
70000,50.277142857142856,0.0
71000,50.476056338028165,0.0
72000,50.05833333333334,0.0
73000,50.06575342465753,0.0
74000,49.644594594594594,0.0
75000,49.318666666666665,0.0
76000,49.32763157894737,0.0
77000,49.51558441558442,0.0
78000,49.06025641025641,0.0
79000,49.20379746835443,0.0
80000,48.9525,0.0
81000,48.934567901234566,0.0
82000,48.52926829268293,0.0
83000,48.58072289156626,0.0
84000,48.82380952380952,0.0
85000,49.07529411764706,0.0
86000,48.80581395348837,0.0
87000,48.9919540229885,0.0
88000,48.78068181818182,0.0
89000,49.1561797752809,0.0
90000,49.09222222222222,0.0
91000,49.1,0.0
92000,49.34347826086957,0.0
93000,49.2505376344086,0.0
94000,48.998936170212765,0.0
95000,49.25578947368421,0.0
96000,49.2375,0.0
97000,49.531958762886596,0.0
98000,49.51326530612245,0.0
99000,49.57878787878788,0.0
100000,49.403999999999996,0.0
101000,49.4059405940594,0.0
102000,49.629411764705885,0.0
103000,49.54660194174757,0.0
104000,49.43942307692308,0.0
105000,49.483809523809526,0.0
106000,49.49811320754717,0.0
107000,49.65700934579439,0.0
108000,49.379629629629626,0.0
109000,49.54036697247706,0.0
110000,49.53545454545454,0.0
111000,49.47927927927928,0.0
112000,49.57946428571429,0.0
113000,49.29380530973451,0.0
114000,49.26140350877193,0.0
115000,49.409565217391304,0.0
116000,49.42155172413793,0.0
117000,49.2042735042735,0.0
118000,49.35,0.0
119000,49.5218487394958,0.0
120000,49.310833333333335,0.0
121000,49.27272727272727,0.0
122000,49.05491803278689,0.0
123000,49.354471544715445,0.0
124000,49.30887096774194,0.0
125000,49.410399999999996,0.0
126000,49.40555555555556,0.0
127000,49.67086614173228,0.0
128000,49.509375,0.0
129000,49.808527131782945,0.0
130000,49.425384615384615,0.0
131000,49.566412213740456,0.0
132000,49.55833333333333,0.0
133000,49.4,0.0
134000,49.54253731343284,0.0
135000,49.495555555555555,0.0
136000,49.27058823529411,0.0
137000,49.22992700729927,0.0
138000,49.28260869565217,0.0
139000,49.5021582733813,0.0
140000,49.46071428571429,0.0
141000,49.40851063829787,0.0
142000,49.34788732394366,0.0
143000,49.46923076923077,0.0
144000,49.59027777777778,0.0
145000,49.248275862068965,0.0
146000,49.20958904109589,0.0
147000,49.13265306122449,0.0
148000,49.16959459459459,0.0
149000,49.0,0.0
150000,48.97533333333333,0.0
151000,48.954304635761595,0.0
152000,48.81776315789474,0.0
153000,48.75816993464052,0.0
154000,48.8012987012987,0.0
155000,48.674838709677424,0.0
156000,48.65448717948718,0.0
157000,48.72292993630573,0.0
158000,48.54177215189873,0.0
159000,48.689937106918244,0.0
160000,48.743750000000006,0.0
161000,48.91304347826087,0.0
162000,48.91172839506173,0.0
163000,48.80552147239264,0.0
164000,49.081097560975614,0.0
165000,49.28848484848485,0.0
166000,49.36144578313253,0.0
167000,49.3245508982036,0.0
168000,49.2875,0.0
169000,49.23905325443787,0.0
170000,49.24117647058823,0.0
171000,49.23801169590643,0.0
172000,49.10755813953489,0.0
173000,49.30462427745665,0.0
174000,49.27643678160919,0.0
175000,49.13142857142857,0.0
176000,49.21420454545454,0.0
177000,49.125988700564974,0.0
178000,48.954494382022474,0.0
179000,48.88212290502793,0.0
180000,48.922777777777775,0.0
181000,48.88839779005525,0.0
182000,48.91923076923077,0.0
183000,49.06174863387978,0.0
184000,48.88369565217391,0.0
185000,49.12972972972973,0.0
186000,48.96075268817204,0.0
187000,49.0951871657754,0.0
188000,49.08776595744681,0.0
189000,49.02010582010582,0.0
190000,48.921052631578945,0.0
191000,48.90837696335078,0.0
192000,48.84895833333333,0.0
193000,48.91658031088083,0.0
194000,48.70927835051546,0.0
195000,48.76358974358974,0.0
196000,48.73724489795918,0.0
197000,48.68223350253807,0.0
198000,48.83434343434344,0.0
199000,49.0070351758794,0.0
200000,48.876999999999995,0.0
201000,48.88109452736318,0.0
202000,48.883663366336634,0.0
203000,48.97733990147783,0.0
204000,48.93872549019608,0.0
205000,49.03707317073171,0.0
206000,49.08640776699029,0.0
207000,49.15652173913043,0.0
208000,49.15625,0.0
209000,49.245933014354065,0.0
210000,49.32809523809524,0.0
211000,49.32796208530806,0.0
212000,49.130188679245286,0.0
213000,49.25446009389671,0.0
214000,49.13971962616823,0.0
215000,49.19441860465116,0.0
216000,49.20231481481481,0.0
217000,49.19723502304147,0.0
218000,49.16651376146789,0.0
219000,49.22922374429224,0.0
220000,49.23727272727273,0.0
221000,49.404977375565615,0.0
222000,49.50315315315315,0.0
223000,49.450672645739914,0.0
224000,49.340624999999996,0.0
225000,49.21955555555556,0.0
226000,49.28893805309735,0.0
227000,49.27577092511013,0.0
228000,49.237280701754386,0.0
229000,49.34497816593886,0.0
230000,49.345652173913045,0.0
231000,49.28225108225108,0.0
232000,49.26379310344828,0.0
233000,49.263948497854074,0.0
234000,49.320085470085466,0.0
235000,49.494468085106384,0.0
236000,49.44322033898305,0.0
237000,49.33713080168776,0.0
238000,49.227731092436976,0.0
239000,49.36987447698745,0.0
240000,49.35791666666667,0.0
241000,49.35684647302905,0.0
242000,49.33801652892562,0.0
243000,49.407407407407405,0.0
244000,49.2811475409836,0.0
245000,49.41061224489796,0.0
246000,49.37560975609756,0.0
247000,49.46275303643725,0.0
248000,49.4233870967742,0.0
249000,49.43012048192771,0.0
250000,49.397200000000005,0.0
251000,49.45737051792828,0.0
252000,49.471428571428575,0.0
253000,49.52213438735178,0.0
254000,49.400393700787404,0.0
255000,49.409019607843135,0.0
256000,49.391796875,0.0
257000,49.52412451361868,0.0
258000,49.447674418604656,0.0
259000,49.42355212355212,0.0
260000,49.45192307692308,0.0
261000,49.51647509578544,0.0
262000,49.509160305343514,0.0
263000,49.48365019011407,0.0
264000,49.39242424242424,0.0
265000,49.553207547169805,0.0
266000,49.526315789473685,0.0
267000,49.43370786516854,0.0
268000,49.441044776119405,0.0
269000,49.49702602230484,0.0
270000,49.38333333333333,0.0
271000,49.39446494464945,0.0
272000,49.359926470588235,0.0
273000,49.45641025641025,0.0
274000,49.472992700729925,0.0
275000,49.488727272727274,0.0
276000,49.42173913043478,0.0
277000,49.48880866425993,0.0
278000,49.59856115107913,0.0
279000,49.586021505376344,0.0
280000,49.6025,0.0
281000,49.580071174377224,0.0
282000,49.507446808510636,0.0
283000,49.626855123674915,0.0
284000,49.61408450704226,0.0
285000,49.55754385964912,0.0
286000,49.57797202797203,0.0
287000,49.55644599303135,0.0
288000,49.603125,0.0
289000,49.60311418685121,0.0
290000,49.66310344827586,0.0
291000,49.67044673539519,0.0
292000,49.70616438356165,0.0
293000,49.56484641638225,0.0
294000,49.55170068027211,0.0
295000,49.65118644067796,0.0
296000,49.582094594594594,0.0
297000,49.68080808080808,0.0
298000,49.55268456375839,0.0
299000,49.5989966555184,0.0
300000,49.65466666666667,0.0
301000,49.682724252491695,0.0
302000,49.67119205298013,0.0
303000,49.668646864686465,0.0
304000,49.72434210526316,0.0
305000,49.69868852459016,0.0
306000,49.76274509803922,0.0
307000,49.688925081433226,0.0
308000,49.59642857142857,0.0
309000,49.638511326860844,0.0
310000,49.67161290322581,0.0
311000,49.57459807073955,0.0
312000,49.64839743589744,0.0
313000,49.58881789137381,0.0
314000,49.60636942675159,0.0
315000,49.57523809523809,0.0
316000,49.5753164556962,0.0
317000,49.70851735015773,0.0
318000,49.76100628930817,0.0
319000,49.74890282131661,0.0
320000,49.5934375,0.0
321000,49.652336448598135,0.0
322000,49.62546583850932,0.0
323000,49.62414860681115,0.0
324000,49.60308641975308,0.0
325000,49.59969230769231,0.0
326000,49.624233128834355,0.0
327000,49.662079510703364,0.0
328000,49.72530487804878,0.0
329000,49.723404255319146,0.0
330000,49.68666666666667,0.0
331000,49.609063444108756,0.0
332000,49.60903614457831,0.0
333000,49.681981981981984,0.0
334000,49.68203592814371,0.0
335000,49.660298507462684,0.0
336000,49.65833333333333,0.0
337000,49.62195845697329,0.0
338000,49.65976331360947,0.0
339000,49.68554572271386,0.0
340000,49.66647058823529,0.0
341000,49.67507331378299,0.0
342000,49.63011695906433,0.0
343000,49.58921282798834,0.0
344000,49.638953488372096,0.0
345000,49.59014492753624,0.0
346000,49.67485549132948,0.0
347000,49.65302593659942,0.0
348000,49.65143678160919,0.0
349000,49.55530085959886,0.0
350000,49.639714285714284,0.0
351000,49.639031339031334,0.0
352000,49.56846590909091,0.0
353000,49.57337110481587,0.0
354000,49.65621468926554,0.0
355000,49.598028169014086,0.0
356000,49.57752808988764,0.0
357000,49.47254901960784,0.0
358000,49.489385474860335,0.0
359000,49.50696378830084,0.0
360000,49.52472222222222,0.0
361000,49.471745152354565,0.0
362000,49.56491712707182,0.0
363000,49.60165289256198,0.0
364000,49.607142857142854,0.0
365000,49.575616438356164,0.0
366000,49.5672131147541,0.0
367000,49.60136239782017,0.0
368000,49.530706521739134,0.0
369000,49.49078590785908,0.0
370000,49.51378378378378,0.0
371000,49.43288409703504,0.0
372000,49.55940860215054,0.0
373000,49.51152815013405,0.0
374000,49.58983957219251,0.0
375000,49.5184,0.0
376000,49.590425531914896,0.0
377000,49.52440318302387,0.0
378000,49.56243386243386,0.0
379000,49.496306068601584,0.0
380000,49.49657894736842,0.0
381000,49.50157480314961,0.0
382000,49.49659685863874,0.0
383000,49.52454308093995,0.0
384000,49.541406249999994,0.0
385000,49.54077922077922,0.0
386000,49.50984455958549,0.0
387000,49.50723514211886,0.0
388000,49.507216494845366,0.0
389000,49.59383033419023,0.0
390000,49.53897435897436,0.0
391000,49.46035805626599,0.0
392000,49.45841836734694,0.0
393000,49.44376590330789,0.0
394000,49.473350253807105,0.0
395000,49.47037974683544,0.0
396000,49.439646464646465,0.0
397000,49.515113350125944,0.0
398000,49.46306532663316,0.0
399000,49.48395989974937,0.0
400000,49.43775,0.0
401000,49.436159600997506,0.0
402000,49.421393034825876,0.0
403000,49.455831265508685,0.0
404000,49.51089108910891,0.0
405000,49.50962962962963,0.0
406000,49.55073891625616,0.0
407000,49.55184275184275,0.0
408000,49.571813725490195,0.0
409000,49.568704156479214,0.0
410000,49.56609756097561,0.0
411000,49.5647201946472,0.0
412000,49.53422330097087,0.0
413000,49.460048426150124,0.0
414000,49.46086956521739,0.0
415000,49.51204819277108,0.0
416000,49.553124999999994,0.0
417000,49.5378896882494,0.0
418000,49.59545454545455,0.0
419000,49.5964200477327,0.0
420000,49.67714285714286,0.0
421000,49.70688836104513,0.0
422000,49.70663507109005,0.0
423000,49.64775413711584,0.0
424000,49.69033018867924,0.0
425000,49.717176470588235,0.0
426000,49.65985915492958,0.0
427000,49.728103044496486,0.0
428000,49.74392523364486,0.0
429000,49.729603729603724,0.0
430000,49.67674418604651,0.0
431000,49.72714617169374,0.0
432000,49.69953703703704,0.0
433000,49.65750577367206,0.0
434000,49.696543778801846,0.0
435000,49.69609195402299,0.0
436000,49.79059633027523,0.0
437000,49.75949656750572,0.0
438000,49.73013698630137,0.0
439000,49.79840546697039,0.0
440000,49.81227272727273,0.0
441000,49.80907029478458,0.0
442000,49.79095022624435,0.0
443000,49.80316027088036,0.0
444000,49.78671171171171,0.0
445000,49.77191011235955,0.0
446000,49.73677130044843,0.0
447000,49.72818791946308,0.0
448000,49.81919642857143,0.0
449000,49.791091314031185,0.0
450000,49.75288888888889,0.0
451000,49.78957871396896,0.0
452000,49.78893805309734,0.0
453000,49.78145695364238,0.0
454000,49.74823788546255,0.0
455000,49.748131868131864,0.0
456000,49.708771929824564,0.0
457000,49.72428884026258,0.0
458000,49.733406113537114,0.0
459000,49.715904139433555,0.0
460000,49.69934782608696,0.0
461000,49.66312364425163,0.0
462000,49.701298701298704,0.0
463000,49.666090712742985,0.0
464000,49.72909482758621,0.0
465000,49.72967741935484,0.0
466000,49.75643776824034,0.0
467000,49.68543897216274,0.0
468000,49.74786324786325,0.0
469000,49.73049040511727,0.0
470000,49.73085106382979,0.0
471000,49.6651804670913,0.0
472000,49.65148305084745,0.0
473000,49.69619450317125,0.0
474000,49.731223628691986,0.0
475000,49.66273684210527,0.0
476000,49.69621848739496,0.0
477000,49.64779874213836,0.0
478000,49.63221757322176,0.0
479000,49.63194154488518,0.0
480000,49.702083333333334,0.0
481000,49.6941787941788,0.0
482000,49.64170124481328,0.0
483000,49.63291925465839,0.0
484000,49.68099173553719,0.0
485000,49.715257731958765,0.0
486000,49.63312757201646,0.0
487000,49.662217659137575,0.0
488000,49.656967213114754,0.0
489000,49.61860940695296,0.0
490000,49.6530612244898,0.0
491000,49.678411405295314,0.0
492000,49.704674796747966,0.0
493000,49.6501014198783,0.0
494000,49.58744939271255,0.0
495000,49.63515151515151,0.0
496000,49.66068548387097,0.0
497000,49.65875251509054,0.0
498000,49.63353413654619,0.0
499000,49.632665330661325,0.0
500000,49.608200000000004,0.0
501000,49.6313373253493,0.0
502000,49.64223107569721,0.0
503000,49.629423459244535,0.0
504000,49.60456349206349,0.0
505000,49.618019801980196,0.0
506000,49.66936758893281,0.0
507000,49.71341222879684,0.0
508000,49.66377952755906,0.0
509000,49.650294695481335,0.0
510000,49.64588235294118,0.0
511000,49.63698630136986,0.0
512000,49.586328125,0.0
513000,49.575828460038984,0.0
514000,49.51011673151751,0.0
515000,49.56776699029126,0.0
516000,49.542054263565895,0.0
517000,49.57466150870406,0.0
518000,49.63996138996139,0.0
519000,49.626782273603084,0.0
520000,49.62288461538461,0.0
521000,49.655278310940496,0.0
522000,49.71915708812261,0.0
523000,49.65334608030593,0.0
524000,49.67652671755725,0.0
525000,49.63657142857143,0.0
526000,49.668441064638785,0.0
527000,49.62049335863378,0.0
528000,49.60776515151515,0.0
529000,49.591493383742915,0.0
530000,49.59320754716981,0.0
531000,49.5939736346516,0.0
532000,49.56898496240601,0.0
533000,49.548780487804876,0.0
534000,49.573782771535576,0.0
535000,49.573457943925234,0.0
536000,49.52966417910448,0.0
537000,49.56052141527002,0.0
538000,49.53531598513011,0.0
539000,49.581818181818186,0.0
540000,49.535185185185185,0.0
541000,49.512569316081326,0.0
542000,49.518634686346864,0.0
543000,49.51786372007366,0.0
544000,49.49503676470588,0.0
545000,49.50495412844037,0.0
546000,49.47893772893773,0.0
547000,49.57129798903107,0.0
548000,49.53813868613139,0.0
549000,49.57850637522769,0.0
550000,49.518181818181816,0.0
551000,49.571324863883845,0.0
552000,49.5554347826087,0.0
553000,49.59837251356239,0.0
554000,49.618953068592056,0.0
555000,49.61711711711712,0.0
556000,49.6021582733813,0.0
557000,49.634290843806106,0.0
558000,49.62258064516129,0.0
559000,49.628085867620754,0.0
560000,49.643035714285716,0.0
561000,49.64367201426025,0.0
562000,49.63932384341637,0.0
563000,49.58063943161634,0.0
564000,49.602659574468085,0.0
565000,49.63274336283186,0.0
566000,49.66254416961131,0.0
567000,49.596825396825395,0.0
568000,49.61919014084507,0.0
569000,49.670826010544815,0.0
570000,49.69070175438596,0.0
571000,49.6922942206655,0.0
572000,49.64807692307692,0.0
573000,49.69284467713787,0.0
574000,49.660452961672476,0.0
575000,49.67147826086957,0.0
576000,49.671875,0.0
577000,49.66949740034662,0.0
578000,49.65865051903114,0.0
579000,49.63868739205527,0.0
580000,49.63775862068965,0.0
581000,49.624096385542174,0.0
582000,49.64518900343642,0.0
583000,49.644425385934824,0.0
584000,49.63681506849315,0.0
585000,49.577948717948715,0.0
586000,49.624744027303755,0.0
587000,49.58074957410562,0.0
588000,49.59897959183673,0.0
589000,49.527334465195246,0.0
590000,49.54491525423729,0.0
591000,49.621996615905246,0.0
592000,49.64814189189189,0.0
593000,49.61197301854975,0.0
594000,49.563804713804714,0.0
595000,49.598487394957985,0.0
596000,49.5998322147651,0.0
597000,49.62077051926298,0.0
598000,49.58311036789297,0.0
599000,49.61368948247078,0.0
600000,49.63033333333333,0.0
601000,49.677703826955074,0.0
602000,49.72093023255814,0.0
603000,49.72603648424544,0.0
604000,49.67748344370861,0.0
605000,49.682644628099176,0.0
606000,49.696369636963695,0.0
607000,49.64579901153213,0.0
608000,49.69490131578947,0.0
609000,49.673563218390804,0.0
610000,49.674590163934425,0.0
611000,49.633551554828145,0.0
612000,49.60980392156863,0.0
613000,49.68988580750408,0.0
614000,49.70097719869707,0.0
615000,49.6759349593496,0.0
616000,49.67694805194805,0.0
617000,49.67649918962723,0.0
618000,49.65501618122977,0.0
619000,49.61825525040388,0.0
620000,49.6141935483871,0.0
621000,49.66505636070854,0.0
622000,49.63745980707395,0.0
623000,49.630016051364365,0.0
624000,49.63413461538462,0.0
625000,49.60688,0.0
626000,49.63306709265176,0.0
627000,49.62934609250399,0.0
628000,49.6187898089172,0.0
629000,49.62003179650238,0.0
630000,49.645714285714284,0.0
631000,49.63581616481775,0.0
632000,49.62594936708861,0.0
633000,49.67235387045814,0.0
634000,49.684227129337536,0.0
635000,49.717795275590554,0.0
636000,49.67248427672956,0.0
637000,49.67723704866562,0.0
638000,49.701567398119124,0.0
639000,49.653051643192484,0.0
640000,49.661875,0.0
641000,49.639001560062404,0.0
642000,49.641433021806854,0.0
643000,49.602332814930016,0.0
644000,49.554192546583856,0.0
645000,49.58062015503876,0.0
646000,49.60061919504644,0.0
647000,49.57202472952086,0.0
648000,49.57978395061728,0.0
649000,49.585362095531586,0.0
650000,49.59738461538461,0.0
651000,49.54777265745008,0.0
652000,49.54846625766871,0.0
653000,49.537059724349156,0.0
654000,49.51850152905199,0.0
655000,49.57587786259542,0.0
656000,49.573628048780485,0.0
657000,49.64657534246575,0.0
658000,49.62021276595745,0.0
659000,49.64825493171472,0.0
660000,49.663636363636364,0.0
661000,49.62632375189107,0.0
662000,49.625528700906344,0.0
663000,49.61508295625943,0.0
664000,49.568373493975905,0.0
665000,49.61187969924812,0.0
666000,49.585585585585584,0.0
667000,49.62713643178411,0.0
668000,49.58997005988024,0.0
669000,49.59805680119582,0.0
670000,49.64208955223881,0.0
671000,49.692250372578236,0.0
672000,49.73779761904762,0.0
673000,49.71679049034176,0.0
674000,49.69139465875371,0.0
675000,49.71896296296296,0.0
676000,49.68313609467456,0.0
677000,49.70901033973412,0.0
678000,49.701327433628315,0.0
679000,49.702503681885126,0.0
680000,49.68911764705882,0.0
681000,49.68854625550661,0.0
682000,49.69794721407625,0.0
683000,49.733528550512446,0.0
684000,49.68845029239766,0.0
685000,49.645547445255474,0.0
686000,49.6466472303207,0.0
687000,49.66477438136827,0.0
688000,49.64927325581395,0.0
689000,49.64208998548621,0.0
690000,49.61159420289855,0.0
691000,49.63545586107091,0.0
692000,49.6128612716763,0.0
693000,49.67171717171717,0.0
694000,49.67391930835735,0.0
695000,49.67928057553957,0.0
696000,49.67988505747126,0.0
697000,49.69024390243902,0.0
698000,49.65372492836676,0.0
699000,49.617739628040056,0.0
700000,49.61814285714286,0.0
701000,49.60057061340942,0.0
702000,49.633760683760684,0.0
703000,49.64637268847795,0.0
704000,49.656676136363636,0.0
705000,49.64595744680851,0.0
706000,49.60198300283286,0.0
707000,49.6008486562942,0.0
708000,49.632909604519774,0.0
709000,49.65641748942172,0.0
710000,49.647323943661966,0.0
711000,49.676371308016876,0.0
712000,49.66980337078652,0.0
713000,49.68976157082749,0.0
714000,49.681512605042016,0.0
715000,49.68055944055944,0.0
716000,49.679888268156425,0.0
717000,49.689260808926086,0.0
718000,49.652089136490254,0.0
719000,49.684840055632826,0.0
720000,49.65013888888889,0.0
721000,49.69611650485437,0.0
722000,49.69584487534626,0.0
723000,49.69681881051176,0.0
724000,49.65414364640884,0.0
725000,49.66744827586207,0.0
726000,49.65192837465565,0.0
727000,49.667537826685006,0.0
728000,49.64491758241758,0.0
729000,49.65432098765432,0.0
730000,49.632876712328766,0.0
731000,49.655540355677154,0.0
732000,49.66653005464481,0.0
733000,49.72619372442019,0.0
734000,49.75027247956403,0.0
735000,49.74122448979592,0.0
736000,49.71657608695652,0.0
737000,49.72198100407056,0.0
738000,49.73848238482385,0.0
739000,49.73802435723951,0.0
740000,49.71081081081081,0.0
741000,49.65398110661269,0.0
742000,49.66765498652291,0.0
743000,49.67012113055181,0.0
744000,49.69260752688172,0.0
745000,49.703221476510066,0.0
746000,49.663806970509384,0.0
747000,49.71419009370817,0.0
748000,49.64772727272727,0.0
749000,49.68184245660881,0.0
750000,49.63173333333334,0.0
751000,49.64234354194407,0.0
752000,49.61369680851064,0.0
753000,49.66294820717131,0.0
754000,49.65384615384615,0.0
755000,49.67430463576159,0.0
756000,49.69074074074074,0.0
757000,49.69062087186262,0.0
758000,49.679683377308706,0.0
759000,49.687615283267455,0.0
760000,49.69631578947368,0.0
761000,49.67503285151117,0.0
762000,49.692125984251966,0.0
763000,49.65923984272608,0.0
764000,49.66452879581152,0.0
765000,49.70849673202614,0.0
766000,49.70378590078329,0.0
767000,49.717209908735335,0.0
768000,49.706640625,0.0
769000,49.75955786736021,0.0
770000,49.78181818181818,0.0
771000,49.793774319066145,0.0
772000,49.77357512953368,0.0
773000,49.816041397153946,0.0
774000,49.78695090439276,0.0
775000,49.816903225806456,0.0
776000,49.821005154639174,0.0
777000,49.834877734877736,0.0
778000,49.81323907455013,0.0
779000,49.84518613607189,0.0
780000,49.79730769230769,0.0
781000,49.791037131882206,0.0
782000,49.833631713554986,0.0
783000,49.808173690932314,0.0
784000,49.76862244897959,0.0
785000,49.75745222929937,0.0
786000,49.74681933842239,0.0
787000,49.76327827191868,0.0
788000,49.73083756345177,0.0
789000,49.7299112801014,0.0
790000,49.74506329113924,0.0
791000,49.737041719342606,0.0
792000,49.698106060606065,0.0
793000,49.72736443883985,0.0
794000,49.70352644836272,0.0
795000,49.74691823899371,0.0
796000,49.698743718592965,0.0
797000,49.645545796737764,0.0
798000,49.66616541353383,0.0
799000,49.64981226533167,0.0
800000,49.63425,0.0
801000,49.67652933832709,0.0
802000,49.67194513715711,0.0
803000,49.65105853051058,0.0
804000,49.67189054726368,0.0
805000,49.67142857142857,0.0
806000,49.64007444168735,0.0
807000,49.64696406443618,0.0
808000,49.623514851485155,0.0
809000,49.668974042027195,0.0
810000,49.63098765432098,0.0
811000,49.61676942046856,0.0
812000,49.64076354679803,0.0
813000,49.63776137761378,0.0
814000,49.673832923832926,0.0
815000,49.69447852760736,0.0
816000,49.710539215686275,0.0
817000,49.686780905752755,0.0
818000,49.668704156479215,0.0
819000,49.668620268620266,0.0
820000,49.68390243902439,0.0
821000,49.690377588306944,0.0
822000,49.66739659367397,0.0
823000,49.661603888213854,0.0
824000,49.63555825242719,0.0
825000,49.6499393939394,0.0
826000,49.61259079903147,0.0
827000,49.604715840386945,0.0
828000,49.61400966183575,0.0
829000,49.654644149577805,0.0
830000,49.66987951807229,0.0
831000,49.63285198555957,0.0
832000,49.634495192307696,0.0
833000,49.674789915966386,0.0
834000,49.68717026378897,0.0
835000,49.65724550898204,0.0
836000,49.67799043062201,0.0
837000,49.66320191158901,0.0
838000,49.67028639618138,0.0
839000,49.697616209773535,0.0
840000,49.697738095238094,0.0
841000,49.709155766944114,0.0
842000,49.679216152019,0.0
843000,49.64246737841044,0.0
844000,49.69727488151659,0.0
845000,49.69538461538461,0.0
846000,49.68463356973996,0.0
847000,49.69964580873672,0.0
848000,49.69728773584905,0.0
849000,49.6829210836278,0.0
850000,49.72023529411765,0.0
851000,49.741715628672154,0.0
852000,49.72394366197183,0.0
853000,49.70973036342321,0.0
854000,49.7231850117096,0.0
855000,49.7425730994152,0.0
856000,49.74953271028038,0.0
857000,49.72007001166861,0.0
858000,49.712820512820514,0.0
859000,49.71222351571595,0.0
860000,49.70441860465116,0.0
861000,49.675029036004645,0.0
862000,49.67470997679814,0.0
863000,49.63951332560834,0.0
864000,49.653124999999996,0.0
865000,49.6314450867052,0.0
866000,49.63856812933025,0.0
867000,49.67739331026528,0.0
868000,49.65,0.0
869000,49.640046029919446,0.0
870000,49.65908045977012,0.0
871000,49.66268656716418,0.0
872000,49.638417431192664,0.0
873000,49.63825887743413,0.0
874000,49.641304347826086,0.0
875000,49.65542857142857,0.0
876000,49.69372146118721,0.0
877000,49.70068415051311,0.0
878000,49.68906605922551,0.0
879000,49.68577929465302,0.0
880000,49.659659090909095,0.0
881000,49.67877412031782,0.0
882000,49.678117913832196,0.0
883000,49.69229898074745,0.0
884000,49.693212669683255,0.0
885000,49.69909604519774,0.0
886000,49.70158013544018,0.0
887000,49.715332581736185,0.0
888000,49.748198198198196,0.0
889000,49.730708661417324,0.0
890000,49.75146067415731,0.0
891000,49.71649831649832,0.0
892000,49.75044843049327,0.0
893000,49.72362821948488,0.0
894000,49.72684563758389,0.0
895000,49.726703910614525,0.0
896000,49.73571428571428,0.0
897000,49.70457079152732,0.0
898000,49.71436525612472,0.0
899000,49.729699666295886,0.0
900000,49.69511111111111,0.0
901000,49.69389567147614,0.0
902000,49.69279379157428,0.0
903000,49.685382059800666,0.0
904000,49.657522123893806,0.0
905000,49.64419889502763,0.0
906000,49.64370860927153,0.0
907000,49.63880926130099,0.0
908000,49.6386563876652,0.0
909000,49.605940594059405,0.0
910000,49.642857142857146,0.0
911000,49.65642151481888,0.0
912000,49.67642543859649,0.0
913000,49.63012048192771,0.0
914000,49.62516411378556,0.0
915000,49.641967213114754,0.0
916000,49.63482532751092,0.0
917000,49.625299890948746,0.0
918000,49.62777777777777,0.0
919000,49.59423286180631,0.0
920000,49.63576086956522,0.0
921000,49.63051031487514,0.0
922000,49.66225596529284,0.0
923000,49.640845070422536,0.0
924000,49.68917748917749,0.0
925000,49.667027027027025,0.0
926000,49.68056155507559,0.0
927000,49.63516720604099,0.0
928000,49.671875,0.0
929000,49.64467168998923,0.0
930000,49.64397849462366,0.0
931000,49.66970998925886,0.0
932000,49.656223175965664,0.0
933000,49.62282958199357,0.0
934000,49.64154175588865,0.0
935000,49.62748663101604,0.0
936000,49.632371794871794,0.0
937000,49.59701173959445,0.0
938000,49.593390191897655,0.0
939000,49.62917997870074,0.0
940000,49.63191489361702,0.0
941000,49.61806588735388,0.0
942000,49.57887473460722,0.0
943000,49.608695652173914,0.0
944000,49.58983050847458,0.0
945000,49.56359788359788,0.0
946000,49.5470401691332,0.0
947000,49.565681098204855,0.0
948000,49.54799578059072,0.0
949000,49.57397260273972,0.0
950000,49.595473684210525,0.0
951000,49.603364879074654,0.0
952000,49.57699579831933,0.0
953000,49.60629590766002,0.0
954000,49.58113207547169,0.0
955000,49.58544502617801,0.0
956000,49.58535564853557,0.0
957000,49.584117032392896,0.0
958000,49.57296450939457,0.0
959000,49.57007299270073,0.0
960000,49.57083333333333,0.0
961000,49.60759625390219,0.0
962000,49.62006237006237,0.0
963000,49.61983385254413,0.0
964000,49.63848547717842,0.0
965000,49.64248704663212,0.0
966000,49.630124223602486,0.0
967000,49.64467425025853,0.0
968000,49.6275826446281,0.0
969000,49.64592363261094,0.0
970000,49.63865979381443,0.0
971000,49.60659114315139,0.0
972000,49.605761316872425,0.0
973000,49.623124357656735,0.0
974000,49.59722792607803,0.0
975000,49.62861538461538,0.0
976000,49.63135245901639,0.0
977000,49.62446264073695,0.0
978000,49.605828220858896,0.0
979000,49.6220633299285,0.0
980000,49.59357142857143,0.0
981000,49.619469928644236,0.0
982000,49.581771894093684,0.0
983000,49.611698880976604,0.0
984000,49.603760162601624,0.0
985000,49.59147208121827,0.0
986000,49.61622718052738,0.0
987000,49.60385005065856,0.0
988000,49.60313765182186,0.0
989000,49.59646107178969,0.0
990000,49.60131313131313,0.0
991000,49.59475277497477,0.0
992000,49.58235887096774,0.0
993000,49.57442094662638,0.0
994000,49.57122736418511,0.0
995000,49.60542713567839,0.0
996000,49.60652610441767,0.0
997000,49.59839518555667,0.0
998000,49.61563126252505,0.0
999000,49.61771771771772,0.0
1000000,49.6259,0.0
